title,message_id,timestamp,author,who_it_is_replying_to,parent_message_id
No Subject,LocalLinkMissing_0,N/A,Brett Okken,,
[xz-devel] Re: java LZDecoder small improvement,CANBJVOEf2PqA0xyfCRKPyf7JZRGebq+BrTaAyfABrjMbwLBCAw@mail.gmail.com,"Mon, 01 Feb 2021 10:49:00 -0800",Brett Okken,,
Re: [xz-devel] Re: java LZDecoder small improvement,20210203225601.5fb82e44@tukaani.org,"Wed, 03 Feb 2021 12:56:11 -0800",Lasse Collin,Brett Okken,CANBJVOEf2PqA0xyfCRKPyf7JZRGebq+BrTaAyfABrjMbwLBCAw@mail.gmail.com
Re: [xz-devel] Re: java LZDecoder small improvement,CANBJVOENzZKbQV6n9GHMuBrcRVfA7SUGN87UGsh4FXRM+SLhGA@mail.gmail.com,"Wed, 03 Feb 2021 14:12:28 -0800",Brett Okken,Lasse Collin,20210203225601.5fb82e44@tukaani.org
Re: [xz-devel] Re: java LZDecoder small improvement,CANBJVOFjrQCe9s-XDVtK9rE3djTrBqDOhqy-iKCVz4goe+rD3g@mail.gmail.com,"Wed, 03 Feb 2021 19:03:32 -0800",Brett Okken,Brett Okken,CANBJVOENzZKbQV6n9GHMuBrcRVfA7SUGN87UGsh4FXRM+SLhGA@mail.gmail.com
Re: [xz-devel] Re: java LZDecoder small improvement,20210205182819.12e2b89d@tukaani.org,"Fri, 05 Feb 2021 08:28:28 -0800",Lasse Collin,Brett Okken,CANBJVOFjrQCe9s-XDVtK9rE3djTrBqDOhqy-iKCVz4goe+rD3g@mail.gmail.com
Re: [xz-devel] Re: java LZDecoder small improvement,CANBJVOFvumStjD308_UxBNqmefw4o4ZdTta5YvKtz+G91++tag@mail.gmail.com,"Fri, 05 Feb 2021 08:52:44 -0800",Brett Okken,Lasse Collin,20210205182819.12e2b89d@tukaani.org
Re: [xz-devel] Re: java LZDecoder small improvement,CANBJVOGMXPa_BC_AJ+nzFYX5aYN5mJZ0LsAe5WArEmBMGK7XWw@mail.gmail.com,"Sat, 06 Feb 2021 08:22:59 -0800",Brett Okken,Brett Okken,CANBJVOFvumStjD308_UxBNqmefw4o4ZdTta5YvKtz+G91++tag@mail.gmail.com
Re: [xz-devel] Re: java LZDecoder small improvement,20210211205053.7685818b@tukaani.org,"Thu, 11 Feb 2021 10:51:25 -0800",Lasse Collin,Brett Okken,CANBJVOFvumStjD308_UxBNqmefw4o4ZdTta5YvKtz+G91++tag@mail.gmail.com
Re: [xz-devel] Re: java LZDecoder small improvement,CANBJVOEvNZ72F0Mr+TQqgO6wDd27ONWnOZvVZSrtMqfgO3nrDQ@mail.gmail.com,"Sat, 13 Feb 2021 10:28:44 -0800",Brett Okken,Brett Okken,CANBJVOFvumStjD308_UxBNqmefw4o4ZdTta5YvKtz+G91++tag@mail.gmail.com
Re: [xz-devel] Re: java LZDecoder small improvement,20210227212721.516ef3fe@tukaani.org,"Sat, 27 Feb 2021 11:27:27 -0800",Lasse Collin,Brett Okken,CANBJVOFvumStjD308_UxBNqmefw4o4ZdTta5YvKtz+G91++tag@mail.gmail.com
